annotator_id,annotator_name,language,country
A001,Aina Rahman,Malay,Malaysia
A002,Daniel Lee,English,Malaysia
A003,Siti Nadia,Malay,Malaysia
A004,Farah Izzati,Malay,Malaysia
A005,Jason Tan,English,Malaysia
A006,Nur Amal,Malay,Malaysia
A007,Hannah Lim,English,Malaysia
A008,Amir Hakim,Malay,Malaysia
A009,Priya Nair,English,Malaysia
A010,Azlan Musa,Malay,Malaysia
A011,Mei Ling,English,Malaysia
A012,Irfan Zaki,Malay,Malaysia
A013,Sara Wong,English,Malaysia
A014,Nadia Karim,Malay,Malaysia
A015,Hakim Roslan,Malay,Malaysia
